-- phpMyAdmin SQL Dump
-- version 4.7.1
-- https://www.phpmyadmin.net/
--
-- Host: sql10.freemysqlhosting.net
-- Generation Time: Nov 19, 2020 at 10:18 PM
-- Server version: 5.5.62-0ubuntu0.14.04.1
-- PHP Version: 7.0.33-0ubuntu0.16.04.3

SET SQL_MODE = "NO_AUTO_VALUE_ON_ZERO";
SET AUTOCOMMIT = 0;
START TRANSACTION;
SET time_zone = "+00:00";


/*!40101 SET @OLD_CHARACTER_SET_CLIENT=@@CHARACTER_SET_CLIENT */;
/*!40101 SET @OLD_CHARACTER_SET_RESULTS=@@CHARACTER_SET_RESULTS */;
/*!40101 SET @OLD_COLLATION_CONNECTION=@@COLLATION_CONNECTION */;
/*!40101 SET NAMES utf8mb4 */;

--
-- Database: `sql10373487`
--
CREATE DATABASE IF NOT EXISTS `sql10373487` DEFAULT CHARACTER SET latin1 COLLATE latin1_swedish_ci;
USE `sql10373487`;

-- --------------------------------------------------------

--
-- Table structure for table `COURSE`
--

CREATE TABLE `COURSE` (
  `ID` int(11) NOT NULL,
  `CLASS_NUMBER` int(11) NOT NULL,
  `NAME` varchar(32) NOT NULL,
  `UPDATE_TIMESTAMP` timestamp NOT NULL DEFAULT CURRENT_TIMESTAMP ON UPDATE CURRENT_TIMESTAMP
) ENGINE=InnoDB DEFAULT CHARSET=latin1;

--
-- Dumping data for table `COURSE`
--

INSERT INTO `COURSE` (`ID`, `CLASS_NUMBER`, `NAME`, `UPDATE_TIMESTAMP`) VALUES
(1, 851, 'Fundamentos da Programação', '2020-11-02 05:28:31'),
(2, 122, 'Fundamentos do Design', '2020-11-02 05:28:31'),
(3, 123, 'Fundamentos de Redes', '2020-11-02 05:28:31'),
(4, 833, 'Desenvolvimento Web Avançado', '2020-11-02 05:28:31'),
(5, 141, 'Desenvolvimento Web I', '2020-11-02 05:28:31'),
(6, 153, 'Roteamento', '2020-11-02 05:28:31'),
(7, 852, 'Metodologia Científica', '2020-11-02 05:33:05'),
(8, 162, 'Empreendedorismo', '2020-11-02 05:28:31'),
(9, 163, 'Desenvolvimento Web II', '2020-11-02 05:28:31'),
(10, 861, 'Monitoramento de Redes', '2020-11-02 05:28:31'),
(11, 862, 'Teoria da Complexidade', '2020-11-02 05:28:31');

-- --------------------------------------------------------

--
-- Table structure for table `COURSE_DEGREE_JT`
--

CREATE TABLE `COURSE_DEGREE_JT` (
  `ID` int(11) NOT NULL,
  `COURSE_FK` int(11) NOT NULL,
  `DEGREE_FK` int(11) NOT NULL,
  `UPDATE_TIMESTAMP` timestamp NOT NULL DEFAULT CURRENT_TIMESTAMP ON UPDATE CURRENT_TIMESTAMP
) ENGINE=InnoDB DEFAULT CHARSET=latin1;

--
-- Dumping data for table `COURSE_DEGREE_JT`
--

INSERT INTO `COURSE_DEGREE_JT` (`ID`, `COURSE_FK`, `DEGREE_FK`, `UPDATE_TIMESTAMP`) VALUES
(1, 1, 1, '0000-00-00 00:00:00'),
(2, 2, 2, '0000-00-00 00:00:00'),
(3, 3, 3, '0000-00-00 00:00:00'),
(4, 4, 1, '0000-00-00 00:00:00'),
(5, 5, 1, '0000-00-00 00:00:00'),
(6, 6, 3, '0000-00-00 00:00:00'),
(7, 7, 1, '0000-00-00 00:00:00'),
(8, 7, 2, '0000-00-00 00:00:00'),
(9, 7, 3, '0000-00-00 00:00:00'),
(10, 8, 1, '0000-00-00 00:00:00'),
(11, 8, 2, '0000-00-00 00:00:00'),
(12, 8, 3, '0000-00-00 00:00:00'),
(13, 9, 1, '0000-00-00 00:00:00'),
(14, 10, 3, '0000-00-00 00:00:00'),
(15, 11, 1, '0000-00-00 00:00:00');

-- --------------------------------------------------------

--
-- Table structure for table `COURSE_TEACHER_JT`
--

CREATE TABLE `COURSE_TEACHER_JT` (
  `ID` int(11) NOT NULL,
  `COURSE_FK` int(11) NOT NULL,
  `TEACHER_FK` int(11) NOT NULL,
  `UPDATE_TIMESTAMP` timestamp NOT NULL DEFAULT CURRENT_TIMESTAMP ON UPDATE CURRENT_TIMESTAMP
) ENGINE=InnoDB DEFAULT CHARSET=latin1;

--
-- Dumping data for table `COURSE_TEACHER_JT`
--

INSERT INTO `COURSE_TEACHER_JT` (`ID`, `COURSE_FK`, `TEACHER_FK`, `UPDATE_TIMESTAMP`) VALUES
(1, 2, 99990001, '0000-00-00 00:00:00'),
(2, 3, 99990002, '0000-00-00 00:00:00'),
(3, 6, 99990002, '0000-00-00 00:00:00'),
(4, 10, 99990003, '0000-00-00 00:00:00'),
(5, 1, 99990004, '0000-00-00 00:00:00'),
(6, 11, 99990004, '0000-00-00 00:00:00'),
(7, 4, 99990005, '0000-00-00 00:00:00'),
(8, 5, 99990005, '0000-00-00 00:00:00'),
(9, 9, 99990005, '0000-00-00 00:00:00'),
(10, 7, 99990006, '0000-00-00 00:00:00'),
(11, 8, 99990006, '0000-00-00 00:00:00');

-- --------------------------------------------------------

--
-- Table structure for table `DEGREE`
--

CREATE TABLE `DEGREE` (
  `ID` int(11) NOT NULL,
  `NAME` varchar(32) NOT NULL,
  `UPDATE_TIMESTAMP` timestamp NOT NULL DEFAULT CURRENT_TIMESTAMP ON UPDATE CURRENT_TIMESTAMP
) ENGINE=InnoDB DEFAULT CHARSET=latin1;

--
-- Dumping data for table `DEGREE`
--

INSERT INTO `DEGREE` (`ID`, `NAME`, `UPDATE_TIMESTAMP`) VALUES
(1, 'Ciência da Computação', '2020-10-31 02:19:07'),
(2, 'Design', '2020-10-31 02:19:25'),
(3, 'Redes de Computadores', '2020-10-31 02:20:21');

-- --------------------------------------------------------

--
-- Table structure for table `GRADE`
--

CREATE TABLE `GRADE` (
  `ID` int(11) NOT NULL,
  `EXAM_AV1` float(3,1) DEFAULT NULL,
  `ASSIGNMENT_AV1` float(3,1) DEFAULT NULL,
  `EXAM_AV2` float(3,1) DEFAULT NULL,
  `ASSIGNMENT_AV2` float(3,1) DEFAULT NULL,
  `EXAM_AV3` float(3,1) DEFAULT NULL,
  `FINAL_GRADE` float(3,1) DEFAULT NULL,
  `UPDATE_TIMESTAMP` timestamp NOT NULL DEFAULT CURRENT_TIMESTAMP ON UPDATE CURRENT_TIMESTAMP
) ENGINE=InnoDB DEFAULT CHARSET=latin1;

--
-- Dumping data for table `GRADE`
--

INSERT INTO `GRADE` (`ID`, `EXAM_AV1`, `ASSIGNMENT_AV1`, `EXAM_AV2`, `ASSIGNMENT_AV2`, `EXAM_AV3`, `FINAL_GRADE`, `UPDATE_TIMESTAMP`) VALUES
(2, 5.0, 1.2, 7.2, 2.0, 6.9, 7.7, '2020-11-08 00:52:40'),
(3, 3.0, 1.0, 3.0, 2.0, 8.0, 6.5, '2020-11-02 05:54:18'),
(4, 7.0, 3.0, 5.0, 2.0, 10.0, 8.5, '2020-11-02 05:54:18'),
(5, 5.0, 0.0, 1.0, 1.0, 0.0, 2.5, '2020-11-02 05:54:18'),
(6, 0.0, 2.0, 8.0, 0.0, 3.0, 5.5, '2020-11-02 05:54:18'),
(7, 5.0, 0.0, 7.0, 1.0, 10.0, 9.0, '2020-11-02 05:54:18'),
(8, 7.0, 1.0, 3.0, 0.0, 8.0, 8.0, '2020-11-02 05:54:18'),
(9, 1.0, 3.0, 4.0, 2.0, 5.0, 5.5, '2020-11-02 05:54:18'),
(10, 4.0, 3.0, 8.0, 2.0, 10.0, 8.5, '2020-11-02 05:54:18'),
(11, 2.0, 1.0, 2.0, 2.0, 6.0, 5.0, '2020-11-02 05:54:18'),
(12, 6.5, 1.0, 5.0, 0.9, 5.6, 6.5, '2020-11-19 06:13:46'),
(13, 6.0, 1.0, 8.0, 1.0, 8.0, 8.0, '2020-11-02 05:54:18'),
(14, 3.0, 3.0, 0.0, 1.0, 10.0, 8.0, '2020-11-02 05:54:18'),
(15, 1.0, 1.0, 4.5, 1.7, 9.0, 7.6, '2020-11-17 20:00:48'),
(16, 6.4, 3.0, 7.9, 0.0, 7.1, 8.7, '2020-11-19 02:32:10'),
(17, 5.0, 3.0, 4.0, 2.0, 10.0, 7.0, '2020-11-02 05:54:18'),
(18, 5.4, 1.5, 7.0, 1.0, 5.0, 7.0, '2020-11-08 00:09:26'),
(19, 3.0, 1.0, 0.0, 2.0, 10.0, 7.0, '2020-11-02 05:54:18'),
(20, 6.0, 0.0, 2.0, 0.0, 10.0, 8.0, '2020-11-02 05:54:18'),
(21, 5.0, 2.0, 7.0, 0.0, 10.0, 7.0, '2020-11-02 05:54:18'),
(22, 6.0, 1.0, 5.0, 0.0, 2.0, 4.5, '2020-11-02 05:54:18'),
(23, 0.0, 1.0, 4.0, 0.0, 6.0, 5.0, '2020-11-02 05:54:18'),
(24, 5.0, 3.0, 7.0, 2.0, 6.0, 8.5, '2020-11-02 05:54:18'),
(25, 0.0, 1.0, 3.0, 2.0, 8.0, 6.5, '2020-11-02 05:54:18'),
(26, 7.0, 3.0, 6.0, 2.0, 0.0, 9.0, '2020-11-02 05:54:18'),
(27, 6.0, 3.0, 7.0, 0.0, 9.0, 8.0, '2020-11-02 05:54:18'),
(28, 5.4, 1.5, 7.0, 1.0, 5.0, 7.0, '2020-11-08 00:09:26'),
(29, 4.0, 0.0, 4.0, 0.0, 0.0, 2.0, '2020-11-02 05:54:18'),
(30, 5.0, 3.0, 7.0, 0.0, 7.0, 7.5, '2020-11-02 05:54:18'),
(31, 4.0, 0.0, 3.0, 1.0, 10.0, 7.0, '2020-11-02 05:54:18'),
(32, 7.0, 3.0, 0.0, 2.0, 8.0, 9.0, '2020-11-02 05:54:18'),
(33, 4.0, 1.0, 0.0, 0.0, 10.0, 7.5, '2020-11-02 05:54:18'),
(34, 5.4, 1.5, 7.0, 1.0, 5.0, 7.0, '2020-11-08 00:09:26'),
(35, 4.0, 2.0, 7.0, 0.0, 4.0, 5.5, '2020-11-02 05:54:18'),
(36, 2.0, 0.0, 2.0, 1.0, 5.0, 4.0, '2020-11-02 05:54:18'),
(37, 0.0, 0.0, 0.0, 0.0, 0.0, 0.0, '2020-11-08 22:21:44'),
(38, 0.0, 0.0, 0.0, 0.0, 0.0, 0.0, '2020-11-08 22:59:09'),
(39, 5.5, 2.0, 6.5, 1.5, 7.0, 7.8, '2020-11-08 23:02:07');

-- --------------------------------------------------------

--
-- Table structure for table `STUDENT`
--

CREATE TABLE `STUDENT` (
  `ID` int(11) NOT NULL,
  `NAME` varchar(64) NOT NULL,
  `PASSWORD` varchar(16) NOT NULL,
  `DEGREE_FK` int(11) NOT NULL,
  `UPDATE_TIMESTAMP` timestamp NOT NULL DEFAULT CURRENT_TIMESTAMP ON UPDATE CURRENT_TIMESTAMP
) ENGINE=InnoDB DEFAULT CHARSET=latin1;

--
-- Dumping data for table `STUDENT`
--

INSERT INTO `STUDENT` (`ID`, `NAME`, `PASSWORD`, `DEGREE_FK`, `UPDATE_TIMESTAMP`) VALUES
(2020010001, 'Addison Kane', 'ZCG517', 3, '0000-00-00 00:00:00'),
(2020010002, 'Tate Ayala', 'ROR838', 3, '0000-00-00 00:00:00'),
(2020010003, 'Kitra Hartman', 'AWU057', 1, '0000-00-00 00:00:00'),
(2020010004, 'Shellie Trujillo', 'SGE920', 3, '0000-00-00 00:00:00'),
(2020010005, 'Mara Hoover', 'IOS848', 3, '0000-00-00 00:00:00'),
(2020010006, 'Benjamin Patton', 'NHS164', 1, '0000-00-00 00:00:00'),
(2020010007, 'Hammett Fischer', 'ZZP591', 1, '0000-00-00 00:00:00'),
(2020010008, 'Jameson Hammond', 'RYJ069', 3, '0000-00-00 00:00:00'),
(2020010009, 'Sebastian Cohen', 'JGH931', 3, '0000-00-00 00:00:00'),
(2020010010, 'Samuel Mckinney', 'PWF623', 1, '0000-00-00 00:00:00'),
(2020010011, 'Cadman Mcfarland', 'WAX359', 2, '0000-00-00 00:00:00'),
(2020010012, 'Aimee Savage', 'IYG877', 2, '0000-00-00 00:00:00'),
(2020010013, 'Zachary Summers', 'MMC361', 2, '0000-00-00 00:00:00'),
(2020010014, 'Felicia Berg', 'CDM956', 2, '0000-00-00 00:00:00'),
(2020010015, 'Mufutau Trevino', 'JMB827', 2, '0000-00-00 00:00:00'),
(2020010016, 'Chantale Ashley', 'VBF489', 2, '0000-00-00 00:00:00'),
(2020010017, 'Karl Krank', 'KAR123', 1, '2020-11-10 00:38:22');

-- --------------------------------------------------------

--
-- Table structure for table `STUDENT_COURSE_GRADE_JT`
--

CREATE TABLE `STUDENT_COURSE_GRADE_JT` (
  `ID` int(11) NOT NULL,
  `STUDENT_FK` int(11) NOT NULL,
  `COURSE_FK` int(11) NOT NULL,
  `GRADE_FK` int(11) NOT NULL,
  `UPDATE_TIMESTAMP` timestamp NOT NULL DEFAULT CURRENT_TIMESTAMP ON UPDATE CURRENT_TIMESTAMP
) ENGINE=InnoDB DEFAULT CHARSET=latin1;

--
-- Dumping data for table `STUDENT_COURSE_GRADE_JT`
--

INSERT INTO `STUDENT_COURSE_GRADE_JT` (`ID`, `STUDENT_FK`, `COURSE_FK`, `GRADE_FK`, `UPDATE_TIMESTAMP`) VALUES
(1, 2020010001, 3, 2, '0000-00-00 00:00:00'),
(2, 2020010002, 6, 3, '0000-00-00 00:00:00'),
(3, 2020010003, 7, 4, '0000-00-00 00:00:00'),
(4, 2020010004, 6, 5, '0000-00-00 00:00:00'),
(5, 2020010005, 3, 6, '0000-00-00 00:00:00'),
(6, 2020010006, 1, 7, '0000-00-00 00:00:00'),
(7, 2020010007, 9, 8, '0000-00-00 00:00:00'),
(8, 2020010008, 10, 9, '0000-00-00 00:00:00'),
(9, 2020010009, 3, 10, '0000-00-00 00:00:00'),
(10, 2020010010, 11, 11, '0000-00-00 00:00:00'),
(11, 2020010011, 2, 12, '0000-00-00 00:00:00'),
(12, 2020010012, 2, 13, '0000-00-00 00:00:00'),
(13, 2020010013, 2, 14, '0000-00-00 00:00:00'),
(14, 2020010014, 2, 15, '0000-00-00 00:00:00'),
(15, 2020010015, 2, 16, '0000-00-00 00:00:00'),
(16, 2020010016, 2, 17, '0000-00-00 00:00:00'),
(17, 2020010001, 6, 18, '0000-00-00 00:00:00'),
(18, 2020010002, 10, 19, '0000-00-00 00:00:00'),
(19, 2020010003, 11, 20, '0000-00-00 00:00:00'),
(20, 2020010004, 8, 21, '0000-00-00 00:00:00'),
(21, 2020010005, 10, 22, '0000-00-00 00:00:00'),
(22, 2020010006, 11, 23, '0000-00-00 00:00:00'),
(23, 2020010007, 8, 24, '0000-00-00 00:00:00'),
(24, 2020010008, 3, 25, '0000-00-00 00:00:00'),
(25, 2020010009, 10, 26, '0000-00-00 00:00:00'),
(26, 2020010010, 4, 27, '0000-00-00 00:00:00'),
(27, 2020010001, 8, 28, '0000-00-00 00:00:00'),
(28, 2020010002, 7, 29, '0000-00-00 00:00:00'),
(29, 2020010003, 1, 30, '0000-00-00 00:00:00'),
(30, 2020010004, 3, 31, '0000-00-00 00:00:00'),
(31, 2020010005, 7, 32, '0000-00-00 00:00:00'),
(32, 2020010006, 5, 33, '0000-00-00 00:00:00'),
(33, 2020010001, 7, 34, '0000-00-00 00:00:00'),
(34, 2020010002, 3, 35, '0000-00-00 00:00:00'),
(35, 2020010003, 5, 36, '0000-00-00 00:00:00');

-- --------------------------------------------------------

--
-- Table structure for table `TEACHER`
--

CREATE TABLE `TEACHER` (
  `ID` int(11) NOT NULL,
  `NAME` varchar(64) NOT NULL,
  `PASSWORD` varchar(16) NOT NULL,
  `UPDATE_TIMESTAMP` timestamp NOT NULL DEFAULT CURRENT_TIMESTAMP ON UPDATE CURRENT_TIMESTAMP
) ENGINE=InnoDB DEFAULT CHARSET=latin1;

--
-- Dumping data for table `TEACHER`
--

INSERT INTO `TEACHER` (`ID`, `NAME`, `PASSWORD`, `UPDATE_TIMESTAMP`) VALUES
(99990001, 'Miranda Aguilar', 'RPY125', '0000-00-00 00:00:00'),
(99990002, 'Kamal Perry', 'BTX521', '0000-00-00 00:00:00'),
(99990003, 'Leslie H. Terrell', 'KGU853', '0000-00-00 00:00:00'),
(99990004, 'Hedda Kirby', 'WNX557', '0000-00-00 00:00:00'),
(99990005, 'Jennifer W. Nieves', 'WOB268', '0000-00-00 00:00:00'),
(99990006, 'Nomlanga Wagner', 'RXZ231', '0000-00-00 00:00:00');

--
-- Indexes for dumped tables
--

--
-- Indexes for table `COURSE`
--
ALTER TABLE `COURSE`
  ADD PRIMARY KEY (`ID`),
  ADD UNIQUE KEY `ID_UNIQUE` (`ID`),
  ADD UNIQUE KEY `CLASS_NUMBER_UNIQUE` (`CLASS_NUMBER`);

--
-- Indexes for table `COURSE_DEGREE_JT`
--
ALTER TABLE `COURSE_DEGREE_JT`
  ADD PRIMARY KEY (`ID`),
  ADD UNIQUE KEY `ID_UNIQUE` (`ID`),
  ADD KEY `CDJ_COURSE_FK` (`COURSE_FK`),
  ADD KEY `CDJ_DEGREE_FK` (`DEGREE_FK`);

--
-- Indexes for table `COURSE_TEACHER_JT`
--
ALTER TABLE `COURSE_TEACHER_JT`
  ADD PRIMARY KEY (`ID`),
  ADD UNIQUE KEY `ID_UNIQUE` (`ID`),
  ADD KEY `CTJ_COURSE_FK` (`COURSE_FK`),
  ADD KEY `CTJ_TEACHER_FK` (`TEACHER_FK`);

--
-- Indexes for table `DEGREE`
--
ALTER TABLE `DEGREE`
  ADD PRIMARY KEY (`ID`),
  ADD UNIQUE KEY `ID` (`ID`);

--
-- Indexes for table `GRADE`
--
ALTER TABLE `GRADE`
  ADD PRIMARY KEY (`ID`),
  ADD UNIQUE KEY `ID_UNIQUE` (`ID`);

--
-- Indexes for table `STUDENT`
--
ALTER TABLE `STUDENT`
  ADD PRIMARY KEY (`ID`),
  ADD UNIQUE KEY `ID_UNIQUE` (`ID`),
  ADD KEY `DEGREE_FK` (`DEGREE_FK`);

--
-- Indexes for table `STUDENT_COURSE_GRADE_JT`
--
ALTER TABLE `STUDENT_COURSE_GRADE_JT`
  ADD PRIMARY KEY (`ID`),
  ADD UNIQUE KEY `ID_UNIQUE` (`ID`),
  ADD KEY `SCGJ_GRADE_FK` (`GRADE_FK`),
  ADD KEY `SCGJ_COURSE_FK` (`COURSE_FK`),
  ADD KEY `SCGJ_STUDENT_FK` (`STUDENT_FK`);

--
-- Indexes for table `TEACHER`
--
ALTER TABLE `TEACHER`
  ADD PRIMARY KEY (`ID`),
  ADD UNIQUE KEY `ID_UNIQUE` (`ID`);

--
-- AUTO_INCREMENT for dumped tables
--

--
-- AUTO_INCREMENT for table `COURSE`
--
ALTER TABLE `COURSE`
  MODIFY `ID` int(11) NOT NULL AUTO_INCREMENT, AUTO_INCREMENT=12;
--
-- AUTO_INCREMENT for table `COURSE_DEGREE_JT`
--
ALTER TABLE `COURSE_DEGREE_JT`
  MODIFY `ID` int(11) NOT NULL AUTO_INCREMENT, AUTO_INCREMENT=16;
--
-- AUTO_INCREMENT for table `COURSE_TEACHER_JT`
--
ALTER TABLE `COURSE_TEACHER_JT`
  MODIFY `ID` int(11) NOT NULL AUTO_INCREMENT, AUTO_INCREMENT=12;
--
-- AUTO_INCREMENT for table `DEGREE`
--
ALTER TABLE `DEGREE`
  MODIFY `ID` int(11) NOT NULL AUTO_INCREMENT, AUTO_INCREMENT=4;
--
-- AUTO_INCREMENT for table `GRADE`
--
ALTER TABLE `GRADE`
  MODIFY `ID` int(11) NOT NULL AUTO_INCREMENT, AUTO_INCREMENT=45;
--
-- AUTO_INCREMENT for table `STUDENT_COURSE_GRADE_JT`
--
ALTER TABLE `STUDENT_COURSE_GRADE_JT`
  MODIFY `ID` int(11) NOT NULL AUTO_INCREMENT, AUTO_INCREMENT=72;
--
-- Constraints for dumped tables
--

--
-- Constraints for table `COURSE_DEGREE_JT`
--
ALTER TABLE `COURSE_DEGREE_JT`
  ADD CONSTRAINT `CDJ_DEGREE_FK` FOREIGN KEY (`DEGREE_FK`) REFERENCES `DEGREE` (`ID`) ON DELETE NO ACTION ON UPDATE NO ACTION,
  ADD CONSTRAINT `CDJ_COURSE_FK` FOREIGN KEY (`COURSE_FK`) REFERENCES `COURSE` (`ID`) ON DELETE NO ACTION ON UPDATE NO ACTION;

--
-- Constraints for table `COURSE_TEACHER_JT`
--
ALTER TABLE `COURSE_TEACHER_JT`
  ADD CONSTRAINT `CTJ_TEACHER_FK` FOREIGN KEY (`TEACHER_FK`) REFERENCES `TEACHER` (`ID`) ON DELETE NO ACTION ON UPDATE NO ACTION,
  ADD CONSTRAINT `CTJ_COURSE_FK` FOREIGN KEY (`COURSE_FK`) REFERENCES `COURSE` (`ID`) ON DELETE NO ACTION ON UPDATE NO ACTION;

--
-- Constraints for table `STUDENT`
--
ALTER TABLE `STUDENT`
  ADD CONSTRAINT `DEGREE_FK` FOREIGN KEY (`DEGREE_FK`) REFERENCES `DEGREE` (`ID`);

--
-- Constraints for table `STUDENT_COURSE_GRADE_JT`
--
ALTER TABLE `STUDENT_COURSE_GRADE_JT`
  ADD CONSTRAINT `SCGJ_STUDENT_FK` FOREIGN KEY (`STUDENT_FK`) REFERENCES `STUDENT` (`ID`) ON DELETE NO ACTION ON UPDATE NO ACTION,
  ADD CONSTRAINT `SCGJ_COURSE_FK` FOREIGN KEY (`COURSE_FK`) REFERENCES `COURSE` (`ID`) ON DELETE NO ACTION ON UPDATE NO ACTION,
  ADD CONSTRAINT `SCGJ_GRADE_FK` FOREIGN KEY (`GRADE_FK`) REFERENCES `GRADE` (`ID`) ON DELETE NO ACTION ON UPDATE NO ACTION;
COMMIT;

/*!40101 SET CHARACTER_SET_CLIENT=@OLD_CHARACTER_SET_CLIENT */;
/*!40101 SET CHARACTER_SET_RESULTS=@OLD_CHARACTER_SET_RESULTS */;
/*!40101 SET COLLATION_CONNECTION=@OLD_COLLATION_CONNECTION */;
